Name,Set code,Set name,Collector number,Foil,Rarity,Quantity,ManaBox ID,Scryfall ID,Purchase price,Misprint,Altered,Condition,Language,Purchase price currency
Witness Protection,FDN,Foundations,168,normal,common,4,101621,f231e981-0069-43ce-ac1c-c85ced613e93,0.18,false,false,mint,en,USD
Abrade,FDN,Foundations,327,normal,uncommon,1,100963,aa74ab7c-b9de-47ab-83ea-2b98738838c7,0.66,false,false,mint,en,USD
Adamant Will,FDN,Foundations,488,normal,common,1,101483,1fd2c9ab-b3dd-4f68-b91f-0f075a045757,0.36,false,false,mint,en,USD
Adaptive Automaton,FDN,Foundations,723,foil,rare,1,101259,e35e614c-51a9-4d5c-b7fa-1a0a87108785,0.99,false,false,mint,en,USD
Aegis Turtle,FDN,Foundations,150,normal,common,1,101590,c7f2014a-fbc9-447c-a440-e06d01066bb9,0.15,false,false,mint,en,USD
Aetherize,FDN,Foundations,151,normal,uncommon,1,100225,1e5530fc-0291-4a17-b048-c5d24e6f51d8,0.36,false,false,mint,en,USD
Affectionate Indrik,FDN,Foundations,211,normal,uncommon,1,100310,2da8347d-06a4-46e0-a55e-cc2da4660263,0.08,false,false,mint,en,USD
Aggressive Mammoth,FDN,Foundations,551,normal,rare,1,101550,7724b978-999b-4654-96f3-58e28aa7cb34,0.6,false,false,mint,en,USD
Ajani's Pridemate,FDN,Foundations,135,normal,uncommon,2,100255,222c1a68-e34c-4103-b1be-17d4ceaef6ce,0.16,false,false,mint,en,USD
Ajani's Pridemate,FDN,Foundations,293,normal,uncommon,1,101180,d4cfb9bc-4273-4e5f-a7ac-2006a8345a4e,0.31,false,false,mint,en,USD
Ambush Wolf,FDN,Foundations,98,normal,common,1,101492,2903832c-318e-42ab-bf58-c682ec2f7afd,0.1,false,false,mint,en,USD
An Offer You Can't Refuse,FDN,Foundations,160,normal,uncommon,1,100948,a829747f-cf9b-4d81-ba66-9f0630ed4565,1.84,false,false,mint,en,USD
Ancestor Dragon,FDN,Foundations,489,normal,rare,1,101610,df43d9d4-3fef-4a56-8b38-d52824117201,1.17,false,false,mint,en,USD
Angel of Finality,FDN,Foundations,136,normal,uncommon,2,101057,baaabd52-3aa9-4e2f-9369-d4db8b405ba8,0.15,false,false,mint,en,USD
Angel of Vitality,FDN,Foundations,706,foil,uncommon,1,101094,c279947e-168f-4af5-902b-aba724f52b8a,0.45,false,false,mint,en,USD
Angelic Destiny,FDN,Foundations,565,normal,mythic,1,100119,066d73fa-369b-44a3-b1a9-d22176ac3566,1.72,false,false,mint,en,USD
Angelic Edict,FDN,Foundations,490,normal,common,1,97190,c0bf349e-2974-4aea-a5c0-fdaea77325cc,0.29,false,false,mint,en,USD
Anthem of Champions,FDN,Foundations,116,normal,rare,1,95580,42fe3a40-9cbe-4235-86f9-32576aaebba8,0.26,false,false,mint,en,USD
Apothecary Stomper,FDN,Foundations,99,normal,common,1,101537,680b7b0c-0e1b-46ce-9917-9fc6e05aa148,0.08,false,false,mint,en,USD
Arbiter of Woe,FDN,Foundations,55,normal,uncommon,1,101008,b2496c4a-df03-4583-bd76-f98ed5cb61ee,0.18,false,false,mint,en,USD
Arcane Epiphany,FDN,Foundations,29,normal,uncommon,1,100116,06431793-5dfe-4cbf-990b-4bcc960d1f31,0.13,false,false,mint,en,USD
Arcanis the Omnipotent,FDN,Foundations,585,normal,rare,1,100941,a6fee90a-7cb3-4fad-91a7-1b1edbde0133,0.25,false,false,mint,en,USD
Archmage of Runes,FDN,Foundations,30,normal,rare,1,100339,334b5018-2da9-49f1-9d09-83d312ecfb02,1.74,false,false,mint,en,USD
Archmage of Runes,FDN,Foundations,30,foil,rare,1,100339,334b5018-2da9-49f1-9d09-83d312ecfb02,2.67,false,false,mint,en,USD
Archway Angel,FDN,Foundations,566,normal,uncommon,1,100305,2c3ff489-bdd7-4aeb-8130-3c234d0dd3dd,0.15,false,false,mint,en,USD
Armasaur Guide,FDN,Foundations,3,normal,common,1,101591,c80fc380-0499-4499-8a60-c43844c02c9b,0.08,false,false,mint,en,USD
"Aurelia, the Warleader",FDN,Foundations,651,normal,mythic,1,101070,bc6ffc1c-575b-4116-83c9-d13b29886c35,12.73,false,false,mint,en,USD
Axgard Cavalry,FDN,Foundations,189,normal,common,2,101631,fe3cc41a-adae-4c9b-b4d3-03f3ca862fed,0.05,false,false,mint,en,USD
"Ayli, Eternal Pilgrim",FDN,Foundations,652,normal,rare,1,100121,06969031-2c13-4b5a-bb4e-86eed025e614,0.46,false,false,mint,en,USD
Azorius Guildgate,FDN,Foundations,683,normal,common,1,101375,f98a7264-0a83-42c8-a94d-05ad4c234242,0.15,false,false,mint,en,USD
Bake into a Pie,FDN,Foundations,169,normal,common,3,101494,2ab0e660-86a3-4b92-82fa-77dcb5db947d,0.15,false,false,mint,en,USD
Ballyrush Banneret,FDN,Foundations,567,normal,common,1,101003,b18a7daa-a112-4728-9123-594366694915,0.22,false,false,mint,en,USD
Banishing Light,FDN,Foundations,138,normal,common,2,101613,e38dc3b3-1629-491b-8afd-0e7a9a857713,0.15,false,false,mint,en,USD
Basilisk Collar,FDN,Foundations,669,normal,rare,1,100712,7b36fba7-71f7-4b7f-bde5-b3a9752ad21c,3.5,false,false,mint,en,USD
Battle-Rattle Shaman,FDN,Foundations,533,normal,uncommon,1,101632,fee05f7e-d4da-4a72-8140-d505eecbdd32,0.17,false,false,mint,en,USD
Battlesong Berserker,FDN,Foundations,78,normal,uncommon,1,100917,a1f8b199-5d62-485f-b1c3-b30aa550595b,0.05,false,false,mint,en,USD
Bear Cub,FDN,Foundations,552,normal,common,1,101604,d8662ebb-068b-41d2-b504-4b5854e4d4aa,0.69,false,false,mint,en,USD
Beast-Kin Ranger,FDN,Foundations,100,normal,common,2,100082,0102e0be-5783-4825-9489-713b1b1df0b2,0.13,false,false,mint,en,USD
Bigfin Bouncer,FDN,Foundations,31,normal,common,1,100882,9b1d5b76-b07e-45c6-800d-4cfce085164f,0.13,false,false,mint,en,USD
Billowing Shriekmass,FDN,Foundations,56,normal,uncommon,1,100711,7b3587a9-0667-4d53-807b-c437bcb1d7b3,0.15,false,false,mint,en,USD
Biogenic Upgrade,FDN,Foundations,553,normal,uncommon,1,101618,ef20af5e-1ffe-426a-805a-ca4a6a122260,0.35,false,false,mint,en,USD
Bishop's Soldier,FDN,Foundations,491,normal,common,1,101478,16dfd7b3-6d01-4e98-aec3-b27e8e2444e8,0.63,false,false,mint,en,USD
Bite Down,FDN,Foundations,212,normal,common,4,101625,f8d70b3b-f6f9-4b3c-ad70-0ce369e812b5,0.15,false,false,mint,en,USD
Blanchwood Armor,FDN,Foundations,213,normal,uncommon,1,100237,1fd7ec1a-dafa-42ca-bc25-f6848fb03f60,0.15,false,false,mint,en,USD
Bloodfell Caves,FDN,Foundations,259,normal,common,2,100806,8b90dc92-cb66-41d9-89f9-2b6e3cfc8082,0.15,false,false,mint,en,USD
Bloodthirsty Conqueror,FDN,Foundations,460,normal,mythic,1,101136,cbd05eaa-7c0d-45f0-b085-87dc1d610c34,40.17,false,false,mint,en,USD
Bloodtithe Collector,FDN,Foundations,516,normal,uncommon,1,97193,ff16d951-dd85-4d22-9505-ce6e2eaf47cf,0.25,false,false,mint,en,USD
Blossoming Sands,FDN,Foundations,260,normal,common,3,100364,37676ed8-588c-4bca-8065-874b74d84807,0.15,false,false,mint,en,USD
Bolt Bend,FDN,Foundations,619,normal,uncommon,1,101152,cf01af2c-68e5-4bb5-81de-f3a1b860fb2e,3.92,false,false,mint,en,USD
Boros Charm,FDN,Foundations,721,foil,uncommon,1,101242,e0d8c9f6-cbbd-4694-b100-01cfb81036cc,6.0,false,false,mint,en,USD
Boros Guildgate,FDN,Foundations,684,normal,common,1,100402,3e3c74ea-40e9-4ad9-a491-c208403b68ad,0.15,false,false,mint,en,USD
Brineborn Cutthroat,FDN,Foundations,152,normal,uncommon,3,100986,acf7aafb-931f-49e5-8691-eab8cb34b05e,0.15,false,false,mint,en,USD
Broken Wings,FDN,Foundations,214,normal,common,4,100584,61f9cbeb-cc9c-4562-be65-8a77053faefe,0.1,false,false,mint,en,USD
Bulk Up,FDN,Foundations,80,normal,uncommon,1,100857,977dcc50-da10-4281-b522-9240c1204f5d,0.32,false,false,mint,en,USD
Burglar Rat,FDN,Foundations,170,normal,common,1,101608,de1c8758-ce3d-49cf-8173-c0eb46f5e7bc,0.15,false,false,mint,en,USD
Burnished Hart,FDN,Foundations,250,normal,uncommon,1,100609,65ebbff0-fbe6-4310-a33f-e00bb2534979,0.15,false,false,mint,en,USD
Burrog Befuddler,FDN,Foundations,504,normal,common,1,101589,c5f11ea2-cd4c-417a-804c-3df80d9ddd5f,0.24,false,false,mint,en,USD
Burst Lightning,FDN,Foundations,192,normal,common,3,100994,aec5d380-d354-4750-931a-6c91853e2edc,0.22,false,false,mint,en,USD
Bushwhack,FDN,Foundations,215,normal,common,2,101469,03ebdb36-55e0-49dd-a514-785fbeb4ae19,0.23,false,false,mint,en,USD
Cackling Prowler,FDN,Foundations,101,normal,common,2,101481,1bd8e971-c075-4203-8d83-c28f22d4f9b9,0.05,false,false,mint,en,USD
Campus Guide,FDN,Foundations,251,normal,common,1,101504,43c59814-3167-4b05-bb85-6c736f3956a4,0.08,false,false,mint,en,USD
Cancel,FDN,Foundations,505,normal,common,1,100443,475bff39-220a-4490-9c2e-d311e306a6db,0.33,false,false,mint,en,USD
Carnelian Orb of Dragonkind,FDN,Foundations,534,normal,common,1,101620,f0c07546-c5a1-4dfc-b5e1-d697578a8c11,2.07,false,false,mint,en,USD
Cat Collector,FDN,Foundations,4,normal,uncommon,2,100507,526fe356-bff1-4211-9e88-bf913ac76b1d,0.15,false,false,mint,en,USD
Cathar Commando,FDN,Foundations,139,normal,common,1,100204,19cf024d-edb6-4a79-8676-73f8db0cdf1f,0.15,false,false,mint,en,USD
Cemetery Recruitment,FDN,Foundations,517,normal,common,1,100346,34a80873-86d7-44a9-894b-65e8f77dd2ea,0.54,false,false,mint,en,USD
Charming Prince,FDN,Foundations,568,normal,rare,1,100964,aa7b47e1-7e32-4f2f-aecf-bac7ca197081,1.72,false,false,mint,en,USD
Chart a Course,FDN,Foundations,586,normal,uncommon,1,100683,7599d459-fe71-48f4-8c65-0f519bb63a68,0.19,false,false,mint,en,USD
Circuitous Route,FDN,Foundations,635,normal,uncommon,2,100946,a806dec2-d4f9-4f8d-a1dd-170777941131,0.42,false,false,mint,en,USD
Clinquant Skymage,FDN,Foundations,33,normal,uncommon,2,100357,36012810-0e83-4640-8ba7-7262229f1b84,0.15,false,false,mint,en,USD
Cloudblazer,FDN,Foundations,653,normal,uncommon,1,100959,a9c966ab-0d92-4fa7-8a91-1f77089d8fc7,0.18,false,false,mint,en,USD
Confiscate,FDN,Foundations,709,foil,uncommon,1,100956,a98a1553-e5f3-4c9c-833d-579e82e1708f,0.15,false,false,mint,en,USD
Consuming Aberration,FDN,Foundations,238,normal,rare,1,101066,bc2b28fd-66b0-457c-80ea-7caed2cc7926,0.17,false,false,mint,en,USD
Corsair Captain,FDN,Foundations,506,normal,rare,1,101181,d5017dbc-07fd-45ea-9629-7c584144e8be,0.3,false,false,mint,en,USD
Crackling Cyclops,FDN,Foundations,83,normal,common,5,101541,6e5b899a-52f7-471b-ad50-4fa6566758fd,0.13,false,false,mint,en,USD
Crash Through,FDN,Foundations,620,normal,common,1,100903,9eb16918-6363-4849-8d74-e26822a0ddf7,0.22,false,false,mint,en,USD
Crawling Barrens,FDN,Foundations,685,normal,rare,1,100979,ac2aff0e-1319-4d3b-903c-fa1ce3db7602,0.2,false,false,mint,en,USD
Crossway Troublemakers,FDN,Foundations,518,normal,rare,1,97167,03a5e19c-4cb8-4bd7-923c-4db747dc6ca3,0.38,false,false,mint,en,USD
Crow of Dark Tidings,FDN,Foundations,519,normal,common,1,100307,2cd74e93-064a-42d7-8e6e-c413912a08cd,0.28,false,false,mint,en,USD
Crusader of Odric,FDN,Foundations,569,normal,common,1,100079,009029c2-26b9-498f-8765-e91c2e1f3aee,0.16,false,false,mint,en,USD
Crypt Feaster,FDN,Foundations,59,normal,common,2,100382,3b072811-998a-4a71-b59c-6afecc0dc4b6,0.15,false,false,mint,en,USD
Cryptic Caves,FDN,Foundations,686,normal,uncommon,1,100943,a7976098-b560-458a-ad3c-18f7873add21,0.19,false,false,mint,en,USD
Cultivator's Caravan,FDN,Foundations,670,normal,rare,1,100265,249aa94c-85ab-4606-aa2c-c902bd83ac21,0.2,false,false,mint,en,USD
Curator of Destinies,FDN,Foundations,34,normal,rare,1,100908,9ff79da7-c3f7-4541-87a0-503544c699b5,0.15,false,false,mint,en,USD
Darksteel Colossus,FDN,Foundations,671,normal,mythic,1,100660,70197723-c61b-4600-b61d-41380c8f3067,1.99,false,false,mint,en,USD
Dauntless Veteran,FDN,Foundations,8,normal,uncommon,1,100704,7a136f26-ac66-407f-b389-357222d2c4a2,0.08,false,false,mint,en,USD
Dawnwing Marshal,FDN,Foundations,570,normal,uncommon,1,100741,807db84f-addb-4ef0-b9ba-32b3e1bced3d,0.18,false,false,mint,en,USD
Day of Judgment,FDN,Foundations,140,normal,rare,2,95585,96e84bdc-8a9a-4c58-ba8b-9f052fd60069,0.75,false,false,mint,en,USD
Dazzling Angel,FDN,Foundations,9,normal,common,2,101468,027dc444-e544-4693-8653-3dcdda530162,0.15,false,false,mint,en,USD
Deadly Brew,FDN,Foundations,654,normal,uncommon,1,100474,4cd4d5a4-4342-49fb-b1e4-7d08e6cf5376,0.19,false,false,mint,en,USD
Deadly Plot,FDN,Foundations,520,normal,uncommon,1,101012,b32fddc3-a38f-4eea-ae01-4158e3cbca6c,0.47,false,false,mint,en,USD
Deadly Riposte,FDN,Foundations,492,normal,common,1,101535,65f5804a-075b-41d8-9639-785cad5c0974,0.22,false,false,mint,en,USD
Death Baron,FDN,Foundations,521,normal,rare,1,100345,34a27142-cf45-4164-9e10-373e5c8bf7c6,4.66,false,false,mint,en,USD
Deathmark,FDN,Foundations,601,normal,uncommon,1,100423,42592d75-593e-4719-b13b-bca374017e79,0.2,false,false,mint,en,USD
Demolition Field,FDN,Foundations,687,normal,uncommon,1,100150,0c7e51b6-4898-4632-b39c-3ce438caa882,0.7,false,false,mint,en,USD
Demonic Pact,FDN,Foundations,602,normal,mythic,1,100549,5b0b7242-df91-48cf-bf4e-b68306c9965f,1.68,false,false,mint,en,USD
Devout Decree,FDN,Foundations,571,normal,uncommon,1,101162,d174cb01-b1cf-444c-a893-cc61ddf88b8c,0.19,false,false,mint,en,USD
Diamond Mare,FDN,Foundations,672,normal,uncommon,1,100669,721463ad-9531-487f-bd82-5e638c4fc35f,0.21,false,false,mint,en,USD
Dictate of Kruphix,FDN,Foundations,587,normal,rare,1,101028,b5e4087b-e692-4eb2-bb59-ff2a001d6dd4,1.05,false,false,mint,en,USD
Dimir Guildgate,FDN,Foundations,688,normal,common,1,101376,f9b8a159-5e58-4432-8ecd-62f39afa96da,0.15,false,false,mint,en,USD
Diregraf Ghoul,FDN,Foundations,171,normal,uncommon,2,100439,4682012c-d7e0-4257-b538-3de497507464,0.1,false,false,mint,en,USD
Disenchant,FDN,Foundations,572,normal,common,1,100709,7ac43e16-8b14-46f2-877a-600ea918766b,0.19,false,false,mint,en,USD
Dismal Backwater,FDN,Foundations,261,normal,common,1,101220,dbb0df36-8467-4a41-8e1c-6c3584d4fd10,0.15,false,false,mint,en,USD
Dive Down,FDN,Foundations,588,normal,common,1,100608,65d5cff9-a3ec-432d-9ce5-68949e524279,0.19,false,false,mint,en,USD
Divine Resilience,FDN,Foundations,10,normal,uncommon,2,101347,f3a08245-a535-4d24-b8c0-78759bb9c4b0,0.18,false,false,mint,en,USD
Doubling Season,FDN,Foundations,216,foil,mythic,1,101340,f2c4f80e-84a0-463b-82c3-5c6503809351,35.39,false,false,mint,en,USD
Dragon Fodder,FDN,Foundations,535,normal,common,1,101626,f9abe517-f601-4784-8d62-2350bd755146,0.15,false,false,mint,en,USD
Dragon Mage,FDN,Foundations,621,normal,uncommon,1,100526,5525cfde-a92b-4fb5-8f15-a05efebecd3d,0.24,false,false,mint,en,USD
Dragon Trainer,FDN,Foundations,84,normal,uncommon,1,100830,91bd75a1-cb54-4e38-9ce1-e8f32a73c6eb,0.15,false,false,mint,en,USD
Dragonlord's Servant,FDN,Foundations,536,normal,uncommon,1,101499,37e35f88-a580-4b55-9c11-0b58e2f752d1,0.49,false,false,mint,en,USD
Dragonmaster Outcast,FDN,Foundations,622,normal,mythic,1,101039,b720f3a8-f38f-4460-86a3-dad541e7add7,1.01,false,false,mint,en,USD
Drake Hatcher,FDN,Foundations,35,normal,rare,1,101071,bcaf4196-6bf3-47fa-b5c7-0e77f45cf820,0.6,false,false,mint,en,USD
"Drakuseth, Maw of Flames",FDN,Foundations,193,normal,rare,1,100092,029b1edb-e1de-4f1c-81df-8d17f4920318,0.68,false,false,mint,en,USD
Dread Summons,FDN,Foundations,604,normal,rare,1,101238,dfb5dd33-6e5b-4d78-92fa-678c9f01c606,0.24,false,false,mint,en,USD
Dreadwing Scavenger,FDN,Foundations,118,normal,uncommon,2,101252,e24d838b-ab48-410a-9a50-dbfea5da089b,0.15,false,false,mint,en,USD
Driver of the Dead,FDN,Foundations,605,normal,common,1,100431,4443696a-0b9a-4081-91aa-800b5c4065d2,0.15,false,false,mint,en,USD
Drogskol Reaver,FDN,Foundations,655,normal,rare,1,101086,c0a4450c-8dfd-4d05-adb9-e84ec6066c7d,1.05,false,false,mint,en,USD
Dropkick Bomber,FDN,Foundations,537,normal,rare,1,101583,b44f758e-716a-408e-96d4-b58403591c2a,4.85,false,false,mint,en,USD
Druid of the Cowl,FDN,Foundations,554,normal,common,1,101606,db2d0ee9-865c-4fc9-8cb6-540c597e1bf4,0.29,false,false,mint,en,USD
Dryad Militant,FDN,Foundations,656,normal,uncommon,1,100819,8fb36712-26e9-4ec7-8946-626bb7094c15,0.15,false,false,mint,en,USD
Duress,FDN,Foundations,606,normal,common,1,100348,34c3a894-ee75-4db9-a69f-711bb3cc150a,0.25,false,false,mint,en,USD
Dwynen's Elite,FDN,Foundations,218,normal,common,3,100800,89d94c28-ea2e-4a3d-935f-6b2d9f2efc7a,0.15,false,false,mint,en,USD
"Dwynen, Gilt-Leaf Daen",FDN,Foundations,217,normal,uncommon,1,100086,01c00d7b-7fac-4f8c-a1ea-de2cf4d06627,0.2,false,false,mint,en,USD
Eaten Alive,FDN,Foundations,172,normal,common,1,100216,1c4f7b20-b2a8-498c-8c36-dc296863b0b9,0.15,false,false,mint,en,USD
Eaten by Piranhas,FDN,Foundations,507,normal,uncommon,1,100444,475e28bb-1333-45e1-b6fd-83121c2f1ab9,0.58,false,false,mint,en,USD
Elementalist Adept,FDN,Foundations,36,normal,common,1,101605,d9768cc6-8f53-4922-ae32-376a2f32d719,0.1,false,false,mint,en,USD
Elfsworn Giant,FDN,Foundations,103,normal,common,2,100497,5128a5be-ffa6-4998-8488-872d80b24cb2,0.15,false,false,mint,en,USD
Elspeth's Smite,FDN,Foundations,493,normal,uncommon,1,97186,b405a442-cf6f-4c0b-9950-f208b30c052e,1.17,false,false,mint,en,USD
Elvish Archdruid,FDN,Foundations,219,normal,rare,1,100341,341da856-7414-403b-b2e3-4bebd58a5aa4,0.31,false,false,mint,en,USD
Elvish Regrower,FDN,Foundations,104,normal,uncommon,2,100278,2694e3cd-26ed-4a10-ae55-fb84d7800253,0.15,false,false,mint,en,USD
Empyrean Eagle,FDN,Foundations,239,normal,uncommon,1,100533,577e99a7-4a55-4314-8f08-2ae0c33b85c7,0.2,false,false,mint,en,USD
Enigma Drake,FDN,Foundations,657,normal,uncommon,1,100173,13ce1338-5a46-4d96-a991-d5fa8d4330ae,0.19,false,false,mint,en,USD
Erudite Wizard,FDN,Foundations,37,normal,common,1,100835,9273c417-0fcd-4273-b24e-afff76336d0c,0.1,false,false,mint,en,USD
Essence Scatter,FDN,Foundations,153,normal,uncommon,2,101226,dd05c850-f91e-4ffb-b4cc-8418d49dad90,0.15,false,false,mint,en,USD
Evolving Wilds,FDN,Foundations,262,normal,common,3,100376,3a0b9356-5b91-4542-8802-f0f7275238e1,0.15,false,false,mint,en,USD
Exclusion Mage,FDN,Foundations,508,normal,uncommon,1,101531,62c8024e-490a-484a-bcee-da7728a64a1f,0.24,false,false,mint,en,USD
Exemplar of Light,FDN,Foundations,297,foil,rare,2,100128,089b28fe-f10f-4e3e-8c19-ed012349faf4,9.58,false,false,mint,en,USD
Expedition Map,FDN,Foundations,724,foil,common,1,100130,08e66835-c228-48fa-bcaa-eb96edbd4f5a,1.82,false,false,mint,en,USD
Exsanguinate,FDN,Foundations,173,normal,uncommon,1,101330,f11d7311-4066-4a5d-ba28-9857fa707a0b,0.3,false,false,mint,en,USD
Faebloom Trick,FDN,Foundations,38,normal,uncommon,1,100148,0c3bee8f-f5be-4404-a696-c902637799c3,0.15,false,false,mint,en,USD
Fanatical Firebrand,FDN,Foundations,195,normal,common,1,101598,d1296316-7781-4e98-95e6-7020648be6a5,0.13,false,false,mint,en,USD
Feed the Swarm,FDN,Foundations,712,foil,common,1,101273,e66d4541-160c-4137-98e7-0eaa692c7d7a,0.35,false,false,mint,en,USD
Feldon's Cane,FDN,Foundations,673,normal,uncommon,1,100091,026f55c3-8e65-4520-b26d-6208344f73b2,0.54,false,false,mint,en,USD
Felidar Cub,FDN,Foundations,573,normal,common,1,100156,0d61d50b-7ab6-45a9-b207-31d87aa2e555,0.15,false,false,mint,en,USD
Felidar Retreat,FDN,Foundations,574,normal,rare,1,100801,89e3cc09-5057-4c05-88fc-d6cda809fc74,3.38,false,false,mint,en,USD
Felidar Savior,FDN,Foundations,12,normal,common,1,97191,cd092b14-d72f-4de0-8f19-1338661b9e3b,0.15,false,false,mint,en,USD
Felling Blow,FDN,Foundations,105,normal,uncommon,2,100854,96948ae3-b15d-4d6d-aa73-9f52084cd903,0.15,false,false,mint,en,USD
Fiendish Panda,FDN,Foundations,120,normal,uncommon,1,100483,4e434d74-cad0-45f5-bc8d-f34aa5e1d879,0.23,false,false,mint,en,USD
Fierce Empath,FDN,Foundations,636,normal,common,1,100290,28a1dd7f-2e42-4062-a941-b489b98a49fc,0.19,false,false,mint,en,USD
Fiery Annihilation,FDN,Foundations,86,normal,uncommon,2,100523,54fe00aa-d284-48f9-b5a2-1bd4c5fa8e58,0.15,false,false,mint,en,USD
Finale of Revelation,FDN,Foundations,589,normal,mythic,1,100135,0a77e063-e8f6-4cb2-954e-74cf41ce73da,0.31,false,false,mint,en,USD
Fire Elemental,FDN,Foundations,538,normal,common,1,101607,dc506f58-048d-49cc-ad8c-2eb851b08bb6,0.17,false,false,mint,en,USD
Firebrand Archer,FDN,Foundations,196,normal,common,1,101630,fe0312f1-4c98-4b7f-8a34-0059ea80edef,0.21,false,false,mint,en,USD
Fireshrieker,FDN,Foundations,674,normal,uncommon,1,100451,484fbce6-71bd-40eb-a71b-86958a094708,0.46,false,false,mint,en,USD
Firespitter Whelp,FDN,Foundations,197,normal,uncommon,1,100463,4b3a4c7d-3126-4bde-9dca-cb6a1e2f37c9,0.18,false,false,mint,en,USD
Flamewake Phoenix,FDN,Foundations,198,normal,rare,1,100955,a94f008e-48a0-406b-83fa-99cd396831f8,0.17,false,false,mint,en,USD
Flashfreeze,FDN,Foundations,590,normal,uncommon,1,100831,91e37a7e-6093-4ef5-b6e4-4aa800ddfc1b,0.19,false,false,mint,en,USD
Fleeting Distraction,FDN,Foundations,155,normal,common,3,101587,c0b86a7b-4912-43a7-ab89-c3432385baa1,0.08,false,false,mint,en,USD
Fleeting Flight,FDN,Foundations,13,normal,common,1,101513,55139100-9342-41fd-b10a-8e9932e605d4,0.15,false,false,mint,en,USD
Fleeting Flight,FDN,Foundations,13,foil,common,1,101513,55139100-9342-41fd-b10a-8e9932e605d4,0.17,false,false,mint,en,USD
Fog Bank,FDN,Foundations,591,normal,uncommon,1,100192,18748b1d-4161-482c-a726-8762b4c1819c,0.2,false,false,mint,en,USD
Frenzied Goblin,FDN,Foundations,199,normal,uncommon,1,101602,d5592573-2889-40b1-b1d5-c2802482549a,0.15,false,false,mint,en,USD
Fumigate,FDN,Foundations,575,normal,rare,1,101256,e2c1e655-1883-428f-abe8-69c011cfbd4b,0.4,false,false,mint,en,USD
"Fynn, the Fangbearer",FDN,Foundations,637,normal,uncommon,1,100626,699efb9e-2649-432b-8b2d-10775114c314,0.25,false,false,mint,en,USD
"Garna, Bloodfist of Keld",FDN,Foundations,658,normal,uncommon,1,100559,5d7fcd03-fffe-467a-88a5-e583e32afd7a,0.23,false,false,mint,en,USD
Garruk's Uprising,FDN,Foundations,220,normal,uncommon,1,100447,4805c303-e73b-443b-a09f-49d2c2c88bb5,0.47,false,false,mint,en,USD
Gate Colossus,FDN,Foundations,675,normal,uncommon,1,101068,bc49d9cb-8c7a-4a8f-96ea-bbe6ade8ae00,0.15,false,false,mint,en,USD
Gatekeeper of Malakir,FDN,Foundations,713,foil,uncommon,1,100306,2cd61c12-f5e2-4698-9080-097679754f16,0.26,false,false,mint,en,USD
Gateway Sneak,FDN,Foundations,592,normal,uncommon,1,100366,3834176f-29c5-4511-87d6-75d0c348a770,0.15,false,false,mint,en,USD
Genesis Wave,FDN,Foundations,334,normal,rare,1,100465,4b51445b-1590-4072-9712-5ca344b25e3e,1.49,false,false,mint,en,USD
Genesis Wave,FDN,Foundations,221,normal,rare,3,101177,d46f7ddb-f986-4f1f-b096-ae1a02d0bdc8,0.4,false,false,mint,en,USD
Ghitu Lavarunner,FDN,Foundations,623,normal,common,2,100794,8940d76d-c09f-4d72-a037-439c70ee8d9d,0.15,false,false,mint,en,USD
Giant Cindermaw,FDN,Foundations,624,normal,uncommon,1,101190,d65f5298-0e57-49cf-aaf5-2bb16f3e636c,0.21,false,false,mint,en,USD
Giant Growth,FDN,Foundations,223,normal,common,3,101073,bd0bf74e-14c1-4428-88d8-2181a080b5d0,0.15,false,false,mint,en,USD
Gigantosaurus,FDN,Foundations,718,foil,rare,1,101065,bc1c518a-dcb4-407c-85be-ed5935a24198,2.67,false,false,mint,en,USD
Gilded Lotus,FDN,Foundations,725,foil,rare,1,100962,aa5e88f1-0ddf-45d7-bbd0-baa88d121867,1.38,false,false,mint,en,USD
Gleaming Barrier,FDN,Foundations,252,normal,common,3,101479,1b49b009-e6f2-494a-9235-f5c25c2d70a9,0.13,false,false,mint,en,USD
Gnarlback Rhino,FDN,Foundations,638,normal,uncommon,1,100639,6b638f3d-7eb6-4675-9538-4a87a7f75c43,0.15,false,false,mint,en,USD
Goblin Boarders,FDN,Foundations,87,normal,common,3,101506,4409a063-bf2a-4a49-803e-3ce6bd474353,0.08,false,false,mint,en,USD
Goblin Boarders,FDN,Foundations,87,foil,common,1,101506,4409a063-bf2a-4a49-803e-3ce6bd474353,0.1,false,false,mint,en,USD
Goblin Firebomb,FDN,Foundations,562,normal,common,1,101515,55ab3f99-9541-4100-818c-5d9e916791e4,0.26,false,false,mint,en,USD
Goblin Negotiation,FDN,Foundations,88,normal,uncommon,1,101335,f2016585-e26c-4d13-b09f-af6383c192f7,0.15,false,false,mint,en,USD
Goblin Oriflamme,FDN,Foundations,539,normal,uncommon,1,101467,0259e4d8-849b-468e-a902-aa1d7f2d5b6a,0.3,false,false,mint,en,USD
Goblin Smuggler,FDN,Foundations,540,normal,common,1,101518,5837ccf1-9bac-4afb-bcc9-82c5f3c0e8e2,0.2,false,false,mint,en,USD
Golgari Guildgate,FDN,Foundations,689,normal,common,1,100836,92d4646c-a375-4835-aa58-8bb77d1a5abf,0.17,false,false,mint,en,USD
Good-Fortune Unicorn,FDN,Foundations,240,normal,uncommon,1,101300,eabbe163-2b15-42e3-89ce-7363e6250d3a,0.18,false,false,mint,en,USD
Grappling Kraken,FDN,Foundations,39,normal,uncommon,2,101165,d1f5cab3-3fc0-448d-8252-cd55abf5b596,0.16,false,false,mint,en,USD
Gratuitous Violence,FDN,Foundations,715,foil,rare,1,101287,e89024c5-eef5-468c-92b4-e53dd212909c,0.98,false,false,mint,en,USD
Grow from the Ashes,FDN,Foundations,225,normal,common,1,101502,42525f8a-aee7-4811-8f05-471b559c2c4a,0.15,false,false,mint,en,USD
Gruul Guildgate,FDN,Foundations,690,normal,common,1,100381,3ab6c240-c97d-4a5c-bc39-860c2d9901c2,0.15,false,false,mint,en,USD
Guttersnipe,FDN,Foundations,716,foil,uncommon,1,101229,dde674d6-f4e7-410b-acf0-34021290576d,0.48,false,false,mint,en,USD
"Halana and Alena, Partners",FDN,Foundations,659,normal,rare,1,101034,b649f459-c9dc-495d-8703-b685996bb80c,1.0,false,false,mint,en,USD
Harbinger of the Tides,FDN,Foundations,593,normal,rare,1,100888,9ca4f70d-ec17-49a4-8968-598ecdbe8243,0.18,false,false,mint,en,USD
Hare Apparent,FDN,Foundations,15,normal,common,2,100907,9fc6f0e9-eb5f-4bc0-b3d7-756644b66d12,2.56,false,false,mint,en,USD
Harmless Offering,FDN,Foundations,625,normal,rare,1,100440,47082081-bf52-4914-bac2-ace398beff56,0.44,false,false,mint,en,USD
Healer's Hawk,FDN,Foundations,142,normal,common,1,101595,cc8e4563-04bb-46b5-835e-64ba11c0e972,0.15,false,false,mint,en,USD
Heartfire Immolator,FDN,Foundations,201,normal,uncommon,2,100390,3ca38f4d-01f5-4a02-9000-01261a440dbf,0.15,false,false,mint,en,USD
Hedron Archive,FDN,Foundations,726,foil,uncommon,1,100513,535b9ac6-dba2-4162-86ed-df3e9fad0306,0.38,false,false,mint,en,USD
Helpful Hunter,FDN,Foundations,16,normal,common,2,97172,1b9a0e91-80b5-428f-8f08-931d0631be14,0.2,false,false,mint,en,USD
Herald of Faith,FDN,Foundations,494,normal,uncommon,1,101514,5579f35b-b3d2-4342-a52b-ae36b579d044,0.29,false,false,mint,en,USD
Hero's Downfall,FDN,Foundations,175,normal,uncommon,2,97185,ad2c01d9-8f54-46c0-9dc9-d4d4764ce1c9,0.15,false,false,mint,en,USD
Heroes' Bane,FDN,Foundations,639,normal,rare,1,100731,7f83195c-5150-4763-a2e1-5b109d185d55,0.25,false,false,mint,en,USD
Heroic Reinforcements,FDN,Foundations,241,normal,uncommon,1,100631,6a05e8d5-c2ad-489a-888d-22622886b620,0.15,false,false,mint,en,USD
Hidetsugu's Second Rite,FDN,Foundations,202,normal,uncommon,2,100577,609421da-8d89-4365-b18b-778832d91482,0.15,false,false,mint,en,USD
Highborn Vampire,FDN,Foundations,522,normal,common,1,97177,53c56a23-eb4f-4be1-ada9-1ad5b80195d3,0.17,false,false,mint,en,USD
Hinterland Sanctifier,FDN,Foundations,730,normal,common,5,101532,632df69e-6377-43d0-bba5-65518a320aa5,0.8,false,false,mint,en,USD
Hoarding Dragon,FDN,Foundations,626,normal,uncommon,1,101101,c3a35b3b-0c92-4b40-8210-86a5b5f275eb,0.21,false,false,mint,en,USD
Hungry Ghoul,FDN,Foundations,62,normal,common,2,100701,790f9433-7565-4f7f-88e8-8af762ea0296,0.15,false,false,mint,en,USD
Icewind Elemental,FDN,Foundations,42,normal,common,3,101629,fd0eba76-3829-408b-828f-0b223c884728,0.05,false,false,mint,en,USD
Immersturm Predator,FDN,Foundations,660,normal,rare,1,100510,52dfc234-e87a-4594-8dcf-0a2f95eedc97,0.24,false,false,mint,en,USD
Impact Tremors,FDN,Foundations,717,foil,common,1,101159,d0b7cecf-b51b-4d30-b7e9-cd7976271e07,2.4,false,false,mint,en,USD
Imperious Perfect,FDN,Foundations,719,foil,uncommon,1,100758,83b4a09f-ea53-42b4-a41a-4299192a6fd3,0.32,false,false,mint,en,USD
Incinerating Blast,FDN,Foundations,90,normal,common,3,101603,d58e20ab-c5ca-4295-884d-78efdaa83243,0.08,false,false,mint,en,USD
Infernal Vessel,FDN,Foundations,63,foil,uncommon,1,101560,877b6330-2d0b-4f2f-a848-f10b06fb4ef5,0.15,false,false,mint,en,USD
Infestation Sage,FDN,Foundations,64,normal,common,4,101601,d40c73de-7a5f-46f2-a70b-449bc8ecfe24,0.15,false,false,mint,en,USD
Ingenious Leonin,FDN,Foundations,495,normal,uncommon,1,97192,ea566679-4202-4076-9314-142241485f6e,0.22,false,false,mint,en,USD
Inspiration from Beyond,FDN,Foundations,43,normal,uncommon,1,101033,b636fe95-664f-4fb1-aab9-28856edeccd6,0.15,false,false,mint,en,USD
Inspiring Overseer,FDN,Foundations,496,normal,common,2,101588,c3e9aa54-e5d5-4cbb-9d2a-263b9eba398f,0.22,false,false,mint,en,USD
Into the Roil,FDN,Foundations,509,normal,common,2,101486,25edefa9-9fff-4b71-83ae-696c196a795c,0.15,false,false,mint,en,USD
Izzet Guildgate,FDN,Foundations,691,normal,common,1,101219,db9e6fc9-813d-4a71-8a68-8e0f83fa945d,0.18,false,false,mint,en,USD
Jazal Goldmane,FDN,Foundations,497,normal,rare,1,97178,5aa8f635-c638-4207-8631-f6b5185f8696,0.5,false,false,mint,en,USD
Joraga Invocation,FDN,Foundations,555,normal,uncommon,1,100087,01ceca57-65f4-4f99-bd14-9fe5f86c1f62,0.16,false,false,mint,en,USD
Joust Through,FDN,Foundations,19,normal,uncommon,1,100767,846adb38-f9bb-4fed-b8ed-36ec7885f989,0.15,false,false,mint,en,USD
Juggernaut,FDN,Foundations,255,normal,uncommon,1,101351,f4468fff-cd6f-428c-b7a0-ff89f5bbea2e,0.13,false,false,mint,en,USD
Jungle Hollow,FDN,Foundations,263,normal,common,4,101224,dc758e14-d370-45e4-bbc5-938fb4d21127,0.15,false,false,mint,en,USD
Kalastria Highborn,FDN,Foundations,607,normal,rare,1,100208,1a52f6ef-7759-4be3-8b80-a57e9d6ae386,0.52,false,false,mint,en,USD
Kargan Dragonrider,FDN,Foundations,541,normal,common,1,101543,701aef07-4291-4dfd-b9b2-bfc26745341c,0.42,false,false,mint,en,USD
Kindled Fury,FDN,Foundations,542,normal,common,1,101580,af158462-91e3-4ad7-b435-95d4eb32fe0a,0.37,false,false,mint,en,USD
Kitesail Corsair,FDN,Foundations,510,normal,common,1,101125,c82d7c6d-523c-46c9-a189-44c0bd8386d1,0.2,false,false,mint,en,USD
Knight of Grace,FDN,Foundations,576,normal,uncommon,1,100487,4efb8633-0a70-4ddc-80af-42508ec75cff,0.17,false,false,mint,en,USD
Knight of Malice,FDN,Foundations,608,normal,uncommon,1,101061,bb678e10-e5a4-4143-8e49-7b523118674e,0.19,false,false,mint,en,USD
"Koma, World-Eater",FDN,Foundations,121,normal,rare,1,101102,c3b92caa-3401-4b11-9515-152f3e057c05,0.62,false,false,mint,en,USD
"Krenko, Mob Boss",FDN,Foundations,204,foil,rare,1,100750,824b2d73-2151-4e5e-9f05-8f63e2bdcaa9,1.48,false,false,mint,en,USD
"Lathliss, Dragon Queen",FDN,Foundations,627,normal,rare,1,100410,409acb8f-cf03-4a56-a8c0-e4c97a01ee10,1.46,false,false,mint,en,USD
"Lathril, Blade of the Elves",FDN,Foundations,242,normal,rare,1,100811,8d4e5480-a287-4a25-b855-a26dae555b1c,0.33,false,false,mint,en,USD
Leonin Skyhunter,FDN,Foundations,498,normal,uncommon,1,97173,218e0009-5f11-4348-97b8-4bc7b41f80b8,0.47,false,false,mint,en,USD
Leonin Vanguard,FDN,Foundations,499,normal,uncommon,1,97171,17b25850-f1bd-4410-beec-603b2a77f264,0.8,false,false,mint,en,USD
Lightshell Duo,FDN,Foundations,157,normal,common,1,101063,bb75315c-ea8f-4eb0-899e-c73ef75fc396,0.15,false,false,mint,en,USD
"Liliana, Dreadhorde General",FDN,Foundations,176,normal,mythic,1,100065,cb28d217-795e-4320-a032-cd713f7ecc8a,6.3,false,false,mint,en,USD
"Linden, the Steadfast Queen",FDN,Foundations,577,normal,rare,1,100157,0dcd0898-db3d-44ec-9d56-a1b558da90f4,0.35,false,false,mint,en,USD
Llanowar Elves,FDN,Foundations,227,normal,common,7,95583,6a0b230b-d391-4998-a3f7-7b158a0ec2cd,0.25,false,false,mint,en,USD
Lunar Insight,FDN,Foundations,46,normal,rare,1,100958,a9a159f6-fecf-4bdd-b2f8-a9665a5cc32d,0.21,false,false,mint,en,USD
Lyra Dawnbringer,FDN,Foundations,707,foil,mythic,1,101009,b2abce4d-ef21-4028-8a86-b7d1387bc937,4.25,false,false,mint,en,USD
Maalfeld Twins,FDN,Foundations,523,normal,uncommon,1,101087,c166df8f-9508-427a-8ec7-bc8541b6ed88,0.29,false,false,mint,en,USD
Maelstrom Pulse,FDN,Foundations,661,normal,rare,1,100085,019e8d47-a086-4e9f-8130-8c3b2dc50179,0.33,false,false,mint,en,USD
Magnigoth Sentry,FDN,Foundations,556,normal,common,1,101517,5624e610-c4c0-4103-a32b-0f1264030a7a,0.26,false,false,mint,en,USD
Make a Stand,FDN,Foundations,708,foil,uncommon,1,100883,9c26415d-9e98-480b-9e30-b3aed00d5f3d,0.17,false,false,mint,en,USD
Make Your Move,FDN,Foundations,143,normal,common,1,101546,7368f861-3288-4645-90a7-ca35d6da3721,0.15,false,false,mint,en,USD
Make Your Move,FDN,Foundations,143,foil,common,1,101546,7368f861-3288-4645-90a7-ca35d6da3721,0.15,false,false,mint,en,USD
Marauding Blight-Priest,FDN,Foundations,178,foil,common,1,101528,5f70dafc-c638-4ec0-ab5b-62998f752720,0.37,false,false,mint,en,USD
Marauding Blight-Priest,FDN,Foundations,178,normal,common,3,101528,5f70dafc-c638-4ec0-ab5b-62998f752720,0.2,false,false,mint,en,USD
Massacre Wurm,FDN,Foundations,714,foil,mythic,1,100372,39be2675-986c-4812-9448-99737e797671,1.72,false,false,mint,en,USD
Maze's End,FDN,Foundations,727,foil,mythic,1,101299,ea9a4d1a-79dd-4b15-8e3b-f111f16d6bfc,1.46,false,false,mint,en,USD
Mazemind Tome,FDN,Foundations,676,normal,rare,1,101352,f45072cd-e3f2-4090-b984-50ec8d360bf2,0.3,false,false,mint,en,USD
Mentor of the Meek,FDN,Foundations,578,normal,rare,1,100576,60790977-efd4-470a-823a-6929f84016e7,0.2,false,false,mint,en,USD
Meteor Golem,FDN,Foundations,256,normal,uncommon,1,101167,d291ea1e-36bc-46b3-b3ae-084fa0ba69eb,0.15,false,false,mint,en,USD
Micromancer,FDN,Foundations,158,normal,uncommon,1,101274,e6af54ea-b57a-4e50-8e46-1747cca14430,0.13,false,false,mint,en,USD
Midnight Reaper,FDN,Foundations,609,normal,rare,1,101336,f229b0e6-1ffd-410e-b04b-a0afc179c58c,0.37,false,false,mint,en,USD
Midnight Snack,FDN,Foundations,65,normal,uncommon,1,101129,c9b7543f-2a45-4db6-b560-d15507a58c91,0.15,false,false,mint,en,USD
Mild-Mannered Librarian,FDN,Foundations,228,normal,uncommon,1,100515,5389663a-fe25-41b9-8c92-1f4d7721ffc2,0.08,false,false,mint,en,USD
Mindsparker,FDN,Foundations,628,normal,uncommon,1,100469,4c8b3e58-be07-451e-a5c7-61c70cc3a5a2,0.19,false,false,mint,en,USD
Mischievous Mystic,FDN,Foundations,47,normal,uncommon,4,100242,20d89cec-528b-4b2a-87db-e11ce0000622,0.2,false,false,mint,en,USD
Mocking Sprite,FDN,Foundations,159,normal,common,2,101624,f6792f63-b651-497d-8aa5-cddf4cedeca8,0.15,false,false,mint,en,USD
Mold Adder,FDN,Foundations,640,normal,uncommon,1,100453,48d665cd-a2c6-4b81-8032-379e476b5ea5,0.19,false,false,mint,en,USD
Moment of Craving,FDN,Foundations,524,normal,common,2,97174,3627f9fb-b828-49cd-887d-e2ab3ef43dfb,0.15,false,false,mint,en,USD
Moment of Triumph,FDN,Foundations,500,normal,common,1,97183,911deea0-38d2-41d9-a2ae-fb8eb45b2c23,0.46,false,false,mint,en,USD
Mortify,FDN,Foundations,662,normal,uncommon,1,100793,88e85619-3a7d-48c2-b9b0-20718c913696,0.26,false,false,mint,en,USD
Myojin of Night's Reach,FDN,Foundations,610,normal,rare,1,100676,73bc5505-7fa0-4ebf-a691-b4ca5f52b019,0.25,false,false,mint,en,USD
Mystic Archaeologist,FDN,Foundations,511,normal,rare,1,101586,c069ff32-6759-48a2-8674-4f729c91dcd0,0.3,false,false,mint,en,USD
Mystical Teachings,FDN,Foundations,594,normal,uncommon,1,100407,3f88eacf-5c7b-4a35-86f0-af3b0516d4c2,0.15,false,false,mint,en,USD
Negate,FDN,Foundations,710,foil,common,1,101413,ff3b0dba-0207-4249-bdab-e807c76ce39e,0.3,false,false,mint,en,USD
New Horizons,FDN,Foundations,557,normal,common,1,101559,86b3923c-c35c-4eb2-9dd3-b15c13778ecf,0.3,false,false,mint,en,USD
Nine-Lives Familiar,FDN,Foundations,66,normal,rare,1,95586,988c23f6-59fe-49f9-a9ce-9881dccb7033,1.28,false,false,mint,en,USD
Nullpriest of Oblivion,FDN,Foundations,611,normal,rare,1,101010,b2c7613c-38fc-49c3-93ee-1df93136455a,0.39,false,false,mint,en,USD
Obliterating Bolt,FDN,Foundations,629,normal,uncommon,1,101185,d59e836b-1c7b-43ac-889b-5f94e1638c42,0.28,false,false,mint,en,USD
Offer Immortality,FDN,Foundations,525,normal,common,1,97180,6d5802ed-507d-4a52-90e3-d989cd61961b,0.71,false,false,mint,en,USD
Opt,FDN,Foundations,512,normal,common,5,100539,58d26b54-0093-4e90-a2b1-b57c64340f9c,0.19,false,false,mint,en,USD
Ordeal of Nylea,FDN,Foundations,641,normal,uncommon,1,100209,1a70424d-86a7-44a3-acda-4463d7ac503b,0.35,false,false,mint,en,USD
Orzhov Guildgate,FDN,Foundations,692,normal,common,1,100952,a917be03-0c17-4454-b044-c4375e5c8085,0.16,false,false,mint,en,USD
Overrun,FDN,Foundations,230,normal,uncommon,1,100220,1d8e9cbb-8bf4-4a48-a58e-79deb3abdf7f,0.17,false,false,mint,en,USD
"Ovika, Enigma Goliath",FDN,Foundations,663,normal,rare,1,100521,54819d7a-eec6-49e6-a0bb-d9d07d42b4a6,0.26,false,false,mint,en,USD
Pacifism,FDN,Foundations,501,normal,common,1,97181,839160d2-44a3-4566-be9d-558d043beac8,0.25,false,false,mint,en,USD
Painful Quandary,FDN,Foundations,179,normal,rare,1,100112,05757669-e8a6-4a2f-8479-d4e2ade822ca,0.62,false,false,mint,en,USD
Pelakka Wurm,FDN,Foundations,720,foil,uncommon,1,101378,fa150070-80b6-453d-b00f-4462175cac79,0.19,false,false,mint,en,USD
Perforating Artist,FDN,Foundations,124,normal,uncommon,1,100674,72980409-53f0-43c1-965e-06f22e7bb608,0.15,false,false,mint,en,USD
Phyrexian Arena,FDN,Foundations,180,foil,rare,1,100124,0784b6f0-9ebf-43d2-ba0f-a6bc93ba0c48,3.85,false,false,mint,en,USD
Pirate's Cutlass,FDN,Foundations,563,normal,common,1,101209,d9d20aef-d35b-4353-a241-e6cfa9730975,0.16,false,false,mint,en,USD
Prayer of Binding,FDN,Foundations,502,normal,uncommon,1,101573,a30b42c4-90d8-462d-aca5-891906992ab8,0.4,false,false,mint,en,USD
Predator Ooze,FDN,Foundations,642,normal,rare,1,100338,333b3cca-ebbf-4ceb-a6a5-3d49cb2e143a,0.47,false,false,mint,en,USD
Prideful Parent,FDN,Foundations,21,normal,common,2,97188,b742117a-8a72-43b9-b05d-274829d138a2,0.15,false,false,mint,en,USD
Primal Might,FDN,Foundations,643,normal,rare,1,100877,9ae57d6b-15e8-4f2a-97c2-76d801a1a42a,0.2,false,false,mint,en,USD
Prime Speaker Zegana,FDN,Foundations,664,normal,rare,1,101170,d2f007b0-b578-44f8-be65-cd9e2ac56e09,0.25,false,false,mint,en,USD
Primeval Bounty,FDN,Foundations,644,normal,mythic,1,100337,332c9742-dc3b-48e5-8736-7724fae1b4c4,0.67,false,false,mint,en,USD
Pulse Tracker,FDN,Foundations,612,normal,common,1,101402,fdcbbe4d-5c93-4b14-8123-cd835452870f,0.17,false,false,mint,en,USD
Pyromancer's Goggles,FDN,Foundations,677,normal,mythic,1,101346,f340d8a4-196a-4433-807c-b7124e96e44f,1.15,false,false,mint,en,USD
Quakestrider Ceratops,FDN,Foundations,110,normal,uncommon,1,100120,067f72c2-ead6-4879-bc9d-696c9f87c0b2,0.23,false,false,mint,en,USD
Quick Study,FDN,Foundations,513,normal,common,1,101473,098c86fd-5a38-41fd-be44-ab963448f2a2,0.85,false,false,mint,en,USD
Quick-Draw Katana,FDN,Foundations,130,normal,common,1,101540,69beec98-c89c-4673-953c-8b3ef3d81560,0.1,false,false,mint,en,USD
Quilled Greatwurm,FDN,Foundations,111,normal,mythic,1,100330,31b60531-3d33-4e66-923a-29008716b15c,3.17,false,false,mint,en,USD
Raging Redcap,FDN,Foundations,543,normal,common,1,101569,9627b0a7-bda9-44df-81c9-aa70cc976331,0.21,false,false,mint,en,USD
Rakdos Guildgate,FDN,Foundations,693,normal,common,1,101249,e1f01964-c610-4d0f-a2b4-f52e46dc50d2,0.15,false,false,mint,en,USD
"Ramos, Dragon Engine",FDN,Foundations,678,normal,mythic,1,100817,8f95f753-bbaa-4282-9cd9-f1737136fc9e,2.16,false,false,mint,en,USD
Rampaging Baloths,FDN,Foundations,645,normal,rare,1,101091,c25ee47b-d099-4788-9c2b-73d151bf56fb,0.61,false,false,mint,en,USD
Rapacious Dragon,FDN,Foundations,544,normal,common,1,101527,5eaddac1-d8ca-4949-8140-c9193e3df921,0.39,false,false,mint,en,USD
Ravenous Amulet,FDN,Foundations,131,normal,uncommon,2,100744,80cadee5-6f26-4440-ad31-a8e573a90436,0.15,false,false,mint,en,USD
Ravenous Giant,FDN,Foundations,630,normal,uncommon,1,100108,050b70c4-9086-4db4-8e65-f9bb5f67cf1b,0.15,false,false,mint,en,USD
Reassembling Skeleton,FDN,Foundations,182,normal,uncommon,1,100291,28e84b1b-1c05-4e1b-93b8-9cc2ca73509d,0.17,false,false,mint,en,USD
Reclamation Sage,FDN,Foundations,340,normal,uncommon,1,100997,af3f0764-9d80-4e15-a402-1f93e652bcbb,0.47,false,false,mint,en,USD
Redcap Gutter-Dweller,FDN,Foundations,631,normal,rare,1,101115,c6c7f55a-bcc7-4ca3-853d-fc6e260d9429,0.15,false,false,mint,en,USD
Refute,FDN,Foundations,313,normal,common,2,100279,26a65d5b-d07e-4ff0-900a-30d509ce0f35,0.22,false,false,mint,en,USD
Refute,FDN,Foundations,48,normal,common,2,100368,38806934-dd9c-4ad4-a59c-a16dce03a14a,0.15,false,false,mint,en,USD
Regal Caracal,FDN,Foundations,579,normal,rare,1,101032,b6310a82-73db-40cb-ae64-6f07f869024c,1.45,false,false,mint,en,USD
Release the Dogs,FDN,Foundations,580,normal,uncommon,1,100125,07f10906-4fd5-44e8-99c7-3f9dcc988c48,0.2,false,false,mint,en,USD
Resolute Reinforcements,FDN,Foundations,145,normal,uncommon,2,100841,940f3989-77cc-49a9-92e0-095a75d80f0f,0.15,false,false,mint,en,USD
Revenge of the Rats,FDN,Foundations,67,normal,uncommon,2,100232,1f463c55-39a0-4f2f-aae3-0c5540bde5b7,0.47,false,false,mint,en,USD
Rite of Replication,FDN,Foundations,711,foil,rare,1,101406,fe98958d-30ee-4a47-aacc-064e02d109b3,0.75,false,false,mint,en,USD
River's Rebuke,FDN,Foundations,595,normal,rare,1,100334,32ae984e-5d1e-4497-9a71-7406f78c09f3,0.64,false,false,mint,en,USD
Rogue's Passage,FDN,Foundations,264,normal,uncommon,1,100922,a2a424ea-ef32-4ac5-8f8c-3ea1839f01d4,0.43,false,false,mint,en,USD
"Ruby, Daring Tracker",FDN,Foundations,245,normal,uncommon,1,101405,fe3e7dd2-b66d-4218-9fde-f84bec26b7bf,0.15,false,false,mint,en,USD
Rugged Highlands,FDN,Foundations,265,normal,common,1,101400,fd6eaf8e-8881-4d7b-bafc-75e4ca5cbef6,0.1,false,false,mint,en,USD
Rune-Scarred Demon,FDN,Foundations,184,normal,rare,1,100227,1eae3165-554d-4759-8f18-794e2a7d8464,0.51,false,false,mint,en,USD
Sanguine Indulgence,FDN,Foundations,613,normal,common,1,100099,03a26ca7-b26f-4b86-a060-712f15f4bf7f,0.15,false,false,mint,en,USD
Savage Ventmaw,FDN,Foundations,665,normal,uncommon,1,100489,50027d69-8bb0-444c-8e9b-4c9afd91cbda,0.91,false,false,mint,en,USD
Savannah Lions,FDN,Foundations,146,normal,uncommon,2,97184,9c9ac1bc-cdf3-4fa6-8319-a7ea164e9e47,0.15,false,false,mint,en,USD
Scorching Dragonfire,FDN,Foundations,545,normal,common,1,101507,44ea09c1-d420-4e99-a968-ade614579287,0.33,false,false,mint,en,USD
Scoured Barrens,FDN,Foundations,266,normal,common,4,100277,2632a4b2-9ca6-4b67-9a99-14f52ad3dc41,0.15,false,false,mint,en,USD
Scrawling Crawler,FDN,Foundations,132,normal,rare,1,100912,a1176dcf-40ee-4342-aa74-791b8352e99a,4.49,false,false,mint,en,USD
Seeker's Folly,FDN,Foundations,69,normal,uncommon,2,101067,bc359da6-8b7f-45ec-b530-ce159fc35953,0.15,false,false,mint,en,USD
Seismic Rupture,FDN,Foundations,205,normal,uncommon,2,100268,2519a51a-26a0-4884-9ba8-9db135c9ee49,0.08,false,false,mint,en,USD
Seize the Spoils,FDN,Foundations,546,normal,common,1,101619,efcf7e75-5de2-45cc-9275-caccd73214fa,0.85,false,false,mint,en,USD
Selesnya Guildgate,FDN,Foundations,694,normal,common,1,100619,6718d4e7-768e-473f-8064-a68422e977f6,0.16,false,false,mint,en,USD
Self-Reflection,FDN,Foundations,163,normal,uncommon,1,101247,e1e6abc9-25b2-4d51-b519-2525079eab51,0.13,false,false,mint,en,USD
Serra Angel,FDN,Foundations,147,normal,uncommon,1,100391,3cee9303-9d65-45a2-93d4-ef4aba59141b,0.15,false,false,mint,en,USD
Shipwreck Dowser,FDN,Foundations,596,normal,uncommon,1,100230,1f20fe3d-792a-4030-a25c-e81b48b2bcb4,0.15,false,false,mint,en,USD
Simic Guildgate,FDN,Foundations,695,normal,common,1,100853,96590855-1ee5-4d69-9070-776e23f71976,0.15,false,false,mint,en,USD
Sire of Seven Deaths,FDN,Foundations,1,foil,mythic,1,100812,8d8432a7-1c8a-4cfb-947c-ecf9791063eb,29.49,false,false,mint,en,USD
Skeleton Archer,FDN,Foundations,526,normal,common,1,100708,7a959048-0d8a-41bb-8a33-52264e525085,0.17,false,false,mint,en,USD
Skyraker Giant,FDN,Foundations,547,normal,common,1,101526,5e3fbafb-e915-43eb-8a68-245840ba73ff,0.3,false,false,mint,en,USD
Skyship Buccaneer,FDN,Foundations,50,normal,uncommon,1,100587,62958fc3-55dc-4b97-a070-490d6ed27820,0.1,false,false,mint,en,USD
Snakeskin Veil,FDN,Foundations,233,normal,uncommon,3,100645,6cc4c21d-9bdc-4490-9203-17f51db0ddd1,0.15,false,false,mint,en,USD
Sorcerous Spyglass,FDN,Foundations,679,normal,uncommon,1,100166,0f99356b-eed0-4d92-818b-80754bcb75f3,0.15,false,false,mint,en,USD
Soul-Guide Lantern,FDN,Foundations,680,normal,uncommon,1,100649,6d3ff537-86f0-405e-b96b-1250720af031,0.19,false,false,mint,en,USD
Soulstone Sanctuary,FDN,Foundations,133,normal,rare,2,100596,642553a7-6d0f-483d-a873-3a703786db42,1.6,false,false,mint,en,USD
Sower of Chaos,FDN,Foundations,95,normal,common,1,101556,7ff50606-491c-4946-8d03-719b01cfad77,0.08,false,false,mint,en,USD
Spectral Sailor,FDN,Foundations,164,normal,uncommon,4,100100,03a49535-c5f3-4a6f-b333-7ac7bffdc9ae,0.15,false,false,mint,en,USD
Sphinx of the Final Word,FDN,Foundations,597,normal,mythic,1,100923,a2cf2366-40d0-4f94-84a5-8aa42308e223,0.28,false,false,mint,en,USD
Spinner of Souls,FDN,Foundations,112,normal,rare,1,101358,f50a8dec-b079-4192-9098-6cdc1026c693,0.37,false,false,mint,en,USD
Spitfire Lagac,FDN,Foundations,208,normal,common,1,101496,30f600cd-b696-4f49-9cbc-5a33aa43d04c,0.13,false,false,mint,en,USD
Springbloom Druid,FDN,Foundations,646,normal,common,1,101381,fa87cb5f-4dc9-49a4-9ae6-ebc7fedac018,0.26,false,false,mint,en,USD
Squad Rallier,FDN,Foundations,24,normal,common,2,101534,65e1ee86-6f08-4aa0-bf63-ae12028ef080,0.05,false,false,mint,en,USD
Stab,FDN,Foundations,71,normal,common,1,101538,6859a5ba-1c1c-4631-bba8-f9900b827178,0.15,false,false,mint,en,USD
Starlight Snare,FDN,Foundations,514,normal,common,1,101549,74fb19b2-4f6c-4cbd-8756-a7eb5c7c9ef6,0.25,false,false,mint,en,USD
Stasis Snare,FDN,Foundations,581,normal,uncommon,2,101147,ce41e348-44c2-47f8-8e7d-da2e4d16d648,0.15,false,false,mint,en,USD
Steel Hellkite,FDN,Foundations,681,normal,rare,1,100838,931ad21b-a6bb-4a89-8d6f-80adfcf126c7,0.3,false,false,mint,en,USD
Storm Fleet Spy,FDN,Foundations,515,normal,uncommon,1,101367,f6c5206e-63db-44c0-86ab-f645cd358b3b,0.21,false,false,mint,en,USD
Strix Lookout,FDN,Foundations,52,normal,common,2,101627,fbd2422e-8e84-4c39-af29-3b4d38baee63,0.13,false,false,mint,en,USD
Stroke of Midnight,FDN,Foundations,148,normal,uncommon,4,100970,ab135925-d924-456d-851a-6ccdaaf27271,0.41,false,false,mint,en,USD
Stromkirk Bloodthief,FDN,Foundations,185,normal,uncommon,2,97176,485d6a5a-2054-47d5-91b8-71ce308ed4dc,0.15,false,false,mint,en,USD
Stromkirk Noble,FDN,Foundations,632,normal,rare,1,100164,0f306c7e-cacc-4c26-a3f1-fad4f3ff7cf3,0.22,false,false,mint,en,USD
Strongbox Raider,FDN,Foundations,96,normal,uncommon,1,101006,b2223eb8-59f9-489b-a3f3-b6496218cb79,0.08,false,false,mint,en,USD
Sun-Blessed Healer,FDN,Foundations,25,foil,uncommon,1,100332,323d029e-9a88-4188-b3a4-38ef32cffc9f,0.17,false,false,mint,en,USD
"Surrak, the Hunt Caller",FDN,Foundations,647,normal,rare,1,101194,d6a8759d-0dc8-4218-93ac-b1a35088f776,0.22,false,false,mint,en,USD
Suspicious Shambler,FDN,Foundations,527,normal,common,2,100393,3d2c5345-eb55-4bca-9183-b4e1404405f8,0.15,false,false,mint,en,USD
Swab Goblin,FDN,Foundations,548,normal,common,1,101565,8db11970-74c2-463d-88bb-9f88aa079eaa,0.2,false,false,mint,en,USD
Swiftfoot Boots,FDN,Foundations,355,normal,uncommon,1,100403,3e9b53da-4744-429d-97c6-f7ee4d568731,2.9,false,false,mint,en,USD
Swiftfoot Boots,FDN,Foundations,258,normal,uncommon,2,100414,41040541-b129-4cf4-9411-09b1d9d32c19,2.95,false,false,mint,en,USD
Swiftwater Cliffs,FDN,Foundations,268,normal,common,2,101389,fb88667d-7088-4889-960f-317486ebe856,0.15,false,false,mint,en,USD
"Syr Alin, the Lion's Claw",FDN,Foundations,582,normal,uncommon,1,100556,5d42be5f-a6a7-4699-abf7-9632de6daede,0.15,false,false,mint,en,USD
Tajuru Pathwarden,FDN,Foundations,558,normal,common,1,101214,da20a0d3-2022-4dea-84c8-85adc5a974f8,0.21,false,false,mint,en,USD
"Tatyova, Benthic Druid",FDN,Foundations,247,normal,uncommon,2,101301,eabc978a-0666-472d-bdc6-d4b29d29eca4,0.15,false,false,mint,en,USD
Taurean Mauler,FDN,Foundations,633,normal,rare,1,101391,fca7caa5-d920-4f06-90bd-214aa4e85cb3,1.0,false,false,mint,en,USD
Teach by Example,FDN,Foundations,666,normal,uncommon,1,100498,516baae5-f7bf-4a90-a80d-192ff19dbae5,0.19,false,false,mint,en,USD
Tempest Djinn,FDN,Foundations,598,normal,rare,1,100692,7766506c-bc18-4ac3-9034-e8f7e54c4039,0.17,false,false,mint,en,USD
Temple of Abandon,FDN,Foundations,696,normal,rare,1,100803,8a990a92-8d0f-489f-ae97-68c90fc5ccf1,0.22,false,false,mint,en,USD
Temple of Deceit,FDN,Foundations,697,normal,rare,1,101244,e18748ce-e52e-4cd1-89d4-cd2578a0d574,0.31,false,false,mint,en,USD
Temple of Enlightenment,FDN,Foundations,698,normal,rare,1,100088,01f23c1a-a0fe-4520-88ed-045aa4044567,0.18,false,false,mint,en,USD
Temple of Epiphany,FDN,Foundations,699,normal,rare,1,100258,224e8255-7bc6-44a2-86af-14f8446f4f77,0.2,false,false,mint,en,USD
Temple of Malady,FDN,Foundations,700,normal,rare,1,100167,10e7d0d5-2329-42a6-b6ff-a5197ba5f1d0,0.23,false,false,mint,en,USD
Temple of Malice,FDN,Foundations,701,normal,rare,1,101199,d78eccc4-1500-43f1-94f5-b39c160b6381,0.29,false,false,mint,en,USD
Temple of Mystery,FDN,Foundations,702,normal,rare,1,101075,bd581f1d-d8ba-47f9-b10b-b7b6d46239ce,0.2,false,false,mint,en,USD
Temple of Plenty,FDN,Foundations,703,normal,rare,1,100624,69762774-c8e1-42de-90b3-5a4d50f5d84d,0.21,false,false,mint,en,USD
Temple of Silence,FDN,Foundations,704,normal,rare,1,100409,408ad759-052a-4949-9adf-7541cb2ef77e,0.22,false,false,mint,en,USD
Temple of Triumph,FDN,Foundations,705,normal,rare,1,101171,d2f58450-838d-4404-a68f-159e82b0e58d,0.2,false,false,mint,en,USD
Terror of Mount Velus,FDN,Foundations,549,normal,rare,1,101500,3959a6c7-d615-4524-b94d-65f4164a2656,2.41,false,false,mint,en,USD
Think Twice,FDN,Foundations,165,normal,common,2,101202,d88faaa1-eb41-40f7-991c-5c06e1138f3d,0.1,false,false,mint,en,USD
Think Twice,FDN,Foundations,165,foil,common,1,101202,d88faaa1-eb41-40f7-991c-5c06e1138f3d,0.1,false,false,mint,en,USD
Thornweald Archer,FDN,Foundations,559,normal,common,2,100193,189f6199-f2fe-49a5-89ca-3c4cb39fbf2b,0.15,false,false,mint,en,USD
Thornwood Falls,FDN,Foundations,269,normal,common,4,100424,42799f51-0f8c-444b-974e-dae281a5c697,0.15,false,false,mint,en,USD
Thrashing Brontodon,FDN,Foundations,560,normal,uncommon,1,101519,592364bf-68b5-4ea0-97d6-c7cadce940fd,0.35,false,false,mint,en,USD
Three Tree Mascot,FDN,Foundations,682,normal,common,1,100412,40b8bf3a-1cb5-4ce2-ac25-9410f17130de,0.15,false,false,mint,en,USD
Thrill of Possibility,FDN,Foundations,210,normal,common,1,101561,882b348c-076b-41d8-b505-063480636669,0.15,false,false,mint,en,USD
Thrill of Possibility,FDN,Foundations,210,foil,common,1,101561,882b348c-076b-41d8-b505-063480636669,0.18,false,false,mint,en,USD
"Tinybones, Bauble Burglar",FDN,Foundations,388,foil,rare,1,100273,25bdc11d-bef3-4823-b8bd-209cdac4ea31,49.49,false,false,mint,en,USD
Tolarian Terror,FDN,Foundations,167,normal,common,3,100270,2569d4f3-55ed-4f99-9592-34c7df0aab72,0.15,false,false,mint,en,USD
Tragic Banshee,FDN,Foundations,73,normal,uncommon,1,100324,30df3e33-2f17-4067-99f1-5db6b0f41fd4,0.1,false,false,mint,en,USD
Tranquil Cove,FDN,Foundations,270,normal,common,2,100719,7c9cabca-5bcc-4b97-b2ac-a345ad3ee43c,0.15,false,false,mint,en,USD
Tribute to Hunger,FDN,Foundations,614,normal,uncommon,1,100170,11f1b897-bb7d-4217-97a7-c89f2453c8fa,0.19,false,false,mint,en,USD
Trygon Predator,FDN,Foundations,667,normal,uncommon,1,101144,cdb88a22-8086-4bf7-89e8-cce929440dd8,0.19,false,false,mint,en,USD
Twinblade Blessing,FDN,Foundations,26,normal,uncommon,1,101310,ecf01cbe-9fcb-4f35-bc6b-2280620b06ff,0.16,false,false,mint,en,USD
Twinblade Paladin,FDN,Foundations,503,normal,uncommon,1,101523,5cd9e73d-de8d-486f-bbbd-a2f5d3f8f686,1.15,false,false,mint,en,USD
Uncharted Haven,FDN,Foundations,564,normal,common,10,97170,172cd5b7-98fc-4add-b858-a0b3dfb75c19,0.15,false,false,mint,en,USD
Uncharted Voyage,FDN,Foundations,53,normal,common,1,101611,e0846820-e595-4743-8a28-29c57d728677,0.05,false,false,mint,en,USD
Undying Malice,FDN,Foundations,528,normal,common,2,100858,97b3cf11-e352-4ee1-8c03-13898f576ef9,0.81,false,false,mint,en,USD
Unflinching Courage,FDN,Foundations,722,foil,uncommon,1,100913,a1201875-b3d8-4f95-801e-bf18ee77919b,0.19,false,false,mint,en,USD
Unsummon,FDN,Foundations,599,normal,common,1,101013,b378d319-ab98-422a-8f72-121a9d26f5c6,0.29,false,false,mint,en,USD
Untamed Hunger,FDN,Foundations,529,normal,common,1,97168,05937911-897b-4638-9536-2e463884f453,0.17,false,false,mint,en,USD
Valorous Stance,FDN,Foundations,583,normal,uncommon,1,101069,bc4c47e3-04b6-4760-9a80-b6acef1e4524,0.19,false,false,mint,en,USD
Vampire Interloper,FDN,Foundations,530,normal,common,1,97179,65455d94-487c-4104-a1a0-149515a90eaa,0.15,false,false,mint,en,USD
Vampire Neonate,FDN,Foundations,531,normal,common,1,97182,86d64a1d-cda4-4c76-8d58-ccab5a6859a0,0.4,false,false,mint,en,USD
Vampire Nighthawk,FDN,Foundations,186,normal,uncommon,1,101474,0a1934ab-3171-4fc6-8033-ad998899ba73,0.22,false,false,mint,en,USD
Vampire Nighthawk,FDN,Foundations,186,foil,uncommon,1,101474,0a1934ab-3171-4fc6-8033-ad998899ba73,0.25,false,false,mint,en,USD
Vampire Soulcaller,FDN,Foundations,75,normal,common,1,101495,2d076293-3b45-4878-8f67-978927cc1f68,0.15,false,false,mint,en,USD
Vampire Spawn,FDN,Foundations,532,normal,common,1,97187,b6fc8d2e-ad63-498d-83b6-5f72b5ae0e67,0.28,false,false,mint,en,USD
Vampiric Rites,FDN,Foundations,615,normal,uncommon,1,100875,9ae0b1e0-a481-4a98-b67b-0cf8bac53fdd,0.2,false,false,mint,en,USD
Vanguard Seraph,FDN,Foundations,28,normal,common,1,101503,4329c861-fc16-4a96-9c03-25af6ac2adc8,0.15,false,false,mint,en,USD
Vengeful Bloodwitch,FDN,Foundations,76,normal,uncommon,4,97189,bd0c12dd-f138-45c0-9614-d83a1d8e8399,0.25,false,false,mint,en,USD
Vengeful Bloodwitch,FDN,Foundations,325,normal,uncommon,1,101593,c944c5dc-9cb6-4dfd-aa90-5e180ffaa0fe,0.66,false,false,mint,en,USD
Venom Connoisseur,FDN,Foundations,648,normal,uncommon,1,100824,90f8d876-3697-4359-9f2b-6053682b556c,0.15,false,false,mint,en,USD
Viashino Pyromancer,FDN,Foundations,634,normal,common,1,100905,9f52ada2-cabc-46a3-99df-271833a86909,0.19,false,false,mint,en,USD
Vile Entomber,FDN,Foundations,616,normal,uncommon,1,100755,833b5a32-5d77-4e46-a524-25bada29ef59,0.37,false,false,mint,en,USD
Vizier of the Menagerie,FDN,Foundations,649,normal,mythic,1,100318,3010ec33-c3f6-42ce-ad5a-e149e5c9a805,1.29,false,false,mint,en,USD
Volley Veteran,FDN,Foundations,550,normal,uncommon,1,101555,7fc914fe-e699-4a21-aa09-f3573d020b87,0.45,false,false,mint,en,USD
Voracious Greatshark,FDN,Foundations,600,normal,rare,1,101095,c27b40dd-9b2a-4a99-a984-ee9cfdb091a1,0.16,false,false,mint,en,USD
Wardens of the Cycle,FDN,Foundations,125,normal,uncommon,1,100761,83ea9b2c-5723-4eff-88ac-6669975939e3,0.15,false,false,mint,en,USD
Wary Thespian,FDN,Foundations,235,normal,common,3,101574,a3d62d04-0974-4cb5-9a35-5e996c6456e2,0.08,false,false,mint,en,USD
Wildborn Preserver,FDN,Foundations,650,normal,rare,1,100802,8a249d1c-a5fe-48e5-bd9b-e50d8eea391b,0.2,false,false,mint,en,USD
Wildheart Invoker,FDN,Foundations,561,normal,common,1,100581,60f42969-bb5c-4183-8bd3-ba87f008391d,0.24,false,false,mint,en,USD
Wildwood Scourge,FDN,Foundations,236,normal,uncommon,2,100359,36359fb6-fb8c-4382-8555-e348422f116c,0.15,false,false,mint,en,USD
Wilt-Leaf Liege,FDN,Foundations,668,normal,rare,1,100479,4d383bbf-6bb1-4c2c-899b-65d8df9d0889,1.16,false,false,mint,en,USD
Wind-Scarred Crag,FDN,Foundations,271,normal,common,2,100684,759e99df-11a8-4aee-b6bc-344e84e10d94,0.15,false,false,mint,en,USD
Wishclaw Talisman,FDN,Foundations,617,normal,rare,1,100627,69d0f5bd-ccea-49b2-bd79-ad5e4d850cf5,3.05,false,false,mint,en,USD
"Zetalpa, Primal Dawn",FDN,Foundations,584,normal,rare,1,100623,694df80e-77d1-4455-b6f1-58d212267d76,0.25,false,false,mint,en,USD
Zombify,FDN,Foundations,187,normal,uncommon,2,101225,dc798e6f-13c4-457c-b052-b7b65bc83cfe,0.23,false,false,mint,en,USD